code,name
AAPL,Apple Inc.
MSFT,Microsoft
NVDA,Nvidia
AMZN,Amazon
GOOGL,Alphabet Inc. (Class A)
META,Meta Platforms
AVGO,Broadcom
JPM,JPMorgan Chase
LLY,Eli Lilly and Company
XOM,ExxonMobil
BRK.B,Berkshire Hathaway
TSLA,Tesla
V,Visa Inc.
MA,Mastercard
UNH,UnitedHealth Group
JNJ,Johnson & Johnson
WMT,Walmart
PG,Procter & Gamble
HD,Home Depot
COST,Costco
ORCL,Oracle Corporation
ABBV,AbbVie
BAC,Bank of America
KO,Coca-Cola Company
PEP,PepsiCo
MRK,Merck & Co.
CVX,Chevron Corporation
NFLX,Netflix
AMD,Advanced Micro Devices
ADBE,Adobe Inc.
CRM,Salesforce
TMO,Thermo Fisher Scientific
CSCO,Cisco
ACN,Accenture
MCD,McDonald's
ABT,Abbott Laboratories
LIN,Linde plc
WFC,Wells Fargo
INTU,Intuit
QCOM,Qualcomm
TXN,Texas Instruments
DHR,Danaher Corporation
IBM,IBM
AMGN,Amgen
CAT,Caterpillar Inc.
GE,GE Aerospace
ISRG,Intuitive Surgical
NOW,ServiceNow
GS,Goldman Sachs
UNP,Union Pacific Corporation
